Id,PredictedSalary
72629919,31928
72629930,41061
72629937,51337
72629938,41174
72629944,30460
72629946,24534
72629948,41061
72629949,28469
72629954,41061
72629956,35629
72629957,41418
72629959,30732
72629960,27817
72629964,41714
72629975,27780
72629978,27969
72629982,41418
72629993,39070
72630000,41714
72630007,31928
72630009,35105
72630010,42999
72630011,34034
72630049,39710
72630052,37579
72630055,27262
72630057,24647
72630060,34034
72630061,37993
72630063,31928
72630066,27585
72630071,22692
72630078,43892
72630085,42696
72630087,42696
72630098,22692
72630099,34801
72630109,31995
72630116,39838
72630123,51034
72630124,22692
72630131,51034
72630133,57098
72630135,23639
72630142,51034
72630149,34801
72630161,26799
72630353,26799
72630356,33567
72630360,31782
72630363,29301
72630365,23496
72630370,31782
72630374,19730
72630379,31782
72630385,31782
72630387,27634
72630391,29625
72630392,27634
72630401,21505
72630404,30586
72630406,31782
72630412,19905
72630416,30586
72630426,27634
72630427,39744
72630444,23496
72630456,51034
72630472,51337
72630475,21505
72630477,33773
72630479,23496
72630480,36758
72630489,29301
72630490,24674
72630491,27634
72630493,29301
72630517,31782
72630520,42696
72630522,21505
72630523,31782
72630530,29879
72630534,21505
72630536,27634
72630539,32577
72630559,27634
72630564,29402
72630566,27823
72630570,34929
72630580,41411
72630587,29252
72630589,27634
72630595,31782
72630600,33773
72630602,35483
72630610,26231
72630612,21505
72630622,34767
72630627,31782
72630629,33492
72630649,19905
72630651,31782
72630653,44049
72630654,27634
72630660,31406
72630663,32577
72630665,45602
72630679,31782
72630680,30586
72630681,45602
72630685,27634
72630691,31782
72630698,33933
72630700,19905
72630702,27634
72630704,33492
72630708,28814
72630711,40871
72630713,27823
72630722,26383
72630723,31782
72630724,27634
72630725,28051
72630726,42696
72630727,27634
72630728,21505
72630733,31782
72630753,31782
72630754,21505
72630761,41411
72630764,30586
72630772,27634
72630782,29335
72630784,31782
72630786,40915
72630787,21505
72630800,27634
72630808,30586
72630818,34767
72630821,27634
72630823,42696
72630824,33594
72630830,31782
72630846,40915
72630851,40915
72630854,34767
72630857,43892
72630860,32237
72630878,30586
72630891,21505
72630897,31782
72630901,31782
72630904,43892
72630929,20254
72630931,30586
72630933,23496
72630940,34767
72630947,23496
72630949,30586
72630953,28761
72630956,21505
72630958,31294
72630976,26650
72630983,34767
72630989,31782
72630999,21505
72631006,27634
72631008,34767
72631010,19905
72631012,31782
72631013,31782
72631016,27634
72631021,32577
72631034,31607
72631038,42696
72631043,31782
72631052,31782
72631062,31782
72631080,29301
72631085,27634
72631088,26383
72631093,32938
72631104,31782
72631107,21505
72631118,38924
72631130,32938
72631137,31782
72631138,32014
72631162,39744
72631169,34767
72631170,19905
72631180,31782
72631184,42696
72631185,21505
72631186,27634
72631192,38924
72631195,28761
72631203,30450
72631211,30097
72631215,34767
72631218,21505
72631221,35483
72631224,31406
72631230,23290
72631232,33492
72631236,33567
72631245,29335
72631250,33492
72631262,31782
72631308,30586
72631320,25104
72631422,39933
72631424,42696
72631425,27846
72631432,26383
72631436,27634
72631439,29625
72631455,21896
72631475,42696
72631476,31782
72631488,31782
72631489,31782
72631502,30586
72631506,21505
72631640,25925
72631642,20320
72631663,19905
72631674,41061
72631744,33492
72631768,43892
72632173,26638
72632178,29960
72632194,26968
72632199,34205
72632201,23187
72632223,34561
72632292,21045
72632551,41719
72632773,47023
72632782,33662
72632796,33662
72632938,38407
72632948,46877
72632951,36758
72632953,47034
72633084,38046
72633197,25677
72633201,38119
72633202,25852
72633216,25852
72633219,18715
72633227,38119
72633239,29491
72633244,29491
72633310,26770
72633347,28825
72633367,32274
72633381,25852
72633471,31916
72633563,24780
72633576,31928
72633607,31928
72633623,27842
72633655,38119
72633724,38119
72633730,38119
72633739,31928
72633745,38119
72633747,39681
72633780,44026
72633803,28199
72633813,25852
72633835,48216
72633879,32876
72633888,33410
72633904,30774
72633908,30224
72633936,40828
72634006,34763
72634007,33919
72634040,31094
72634072,33822
72634078,31094
72634079,31928
72634128,45659
72634155,33410
72634176,31928
72634185,31928
72634186,31928
72634194,33919
72634207,33919
72634292,31928
72634383,34763
72634432,31928
72634607,37993
72634657,33919
72634723,31928
72634770,31928
72634794,37993
72634816,39594
72634823,31928
72634831,30678
72634853,39885
72634857,44195
72634861,31928
72634863,31928
72634866,33821
72634867,33919
72634868,44195
72634870,33919
72634876,29398
72634886,37993
72634887,37993
72634888,31928
72634891,36130
72634896,31928
72634897,31928
72634900,37993
72634902,38350
72634905,44195
72634906,34276
72634911,34763
72634912,33919
72634915,37993
72634930,31928
72634985,31928
72635049,31928
72635056,44195
72635082,31928
72635086,35521
72635087,31928
72635089,31928
72635100,38616
72635102,33919
72635107,31928
72635123,37158
72635125,37993
72635128,31928
72635129,41044
72635132,33617
72635135,31928
72635151,31928
72635152,37993
72635154,37993
72635163,33410
72635164,31928
72635167,31928
72635181,33410
72635188,39885
72635192,31928
72635197,31928
72635221,31928
72635222,32876
72635223,31928
72635226,30678
72635229,35521
72635230,42151
72635232,31928
72635233,31928
72635234,37993
72635235,38000
72635236,44195
72635237,31928
72635238,30678
72635239,33919
72635242,31928
72635247,39984
72635250,38323
72635251,29398
72635254,31928
72635255,33919
72635256,33919
72635258,33919
72635259,44038
72635265,39984
72635268,31928
72635269,32286
72635271,32551
72635272,31928
72635275,31928
72635278,31928
72635280,31928
72635281,37993
72635283,31928
72635284,31928
72635287,32054
72635289,29398
72635290,31928
72635295,38350
72635296,33919
72635298,31928
72635300,37993
72635301,31928
72635304,33919
72635308,31928
72635311,31928
72635312,44195
72635319,31928
72635325,31928
72635326,31928
72635327,31928
72635328,31928
72635343,33919
72635344,31928
72635346,31928
72635347,33919
72635348,33919
72635351,31928
72635358,31928
72635359,37993
72635360,31928
72635362,39984
72635364,32286
72635365,31928
72635371,31928
72635377,39984
72635379,31928
72635382,31928
72635396,31439
72635397,31928
72635399,33919
72635400,33545
72635401,37993
72635412,31753
72635416,50260
72635429,30678
72635433,31753
72635435,39594
72635436,31928
72635441,42151
72635447,39984
72635450,44195
72635459,31928
72635460,31928
72635461,31928
72635463,31928
72635465,33919
72635467,30851
72635474,31928
72635475,31928
72635477,31753
72635483,31928
72635489,37993
72635492,31928
72635498,31928
72635501,31928
72635503,32876
72635511,31928
72635512,44195
72635513,44195
72635514,31928
72635516,32286
72635520,29398
72635522,44195
72635526,31928
72635528,42151
72635529,31928
72635537,31928
72635540,31753
72635546,31928
72635548,31928
72635550,37993
72635553,31928
72635557,31928
72635560,31928
72635564,37246
72635566,31928
72635574,31928
72635576,31928
72635578,31928
72635584,31928
72635585,34276
72635586,31928
72635587,30851
72635590,33919
72635593,33410
72635597,33919
72635598,31928
72635599,31928
72635603,31928
72635605,31928
72635606,31928
72635608,29398
72635615,31928
72635616,33410
72635618,31928
72635620,38000
72635621,31928
72635623,35473
72635624,37993
72635627,32876
72635628,33740
72635629,31094
72635631,31928
72635632,31928
72635635,33919
72635638,31928
72635640,31928
72635641,31928
72635642,38000
72635643,31928
72635644,31928
72635645,31928
72635843,45351
72635847,45351
72635942,38046
72636273,44691
72636283,41028
72636285,41028
72636287,41028
72636289,43313
72636294,37111
72636295,39102
72636297,43313
72636303,31046
72636304,37111
72636310,37111
72636311,31046
72636314,49378
72636320,31046
72636321,49378
72636322,43313
72636324,39102
72636326,37111
72636328,31046
72636331,32940
72636333,39102
72636336,33037
72636337,43313
72636341,43313
72636355,43601
72636356,31814
72636360,43156
72636361,33037
72636363,43313
72636367,49220
72636379,43313
72636386,37111
72637071,31463
72637074,40090
72637095,40090
72637098,40090
72637099,31463
72637101,37527
72637113,31368
72637114,35489
72637115,35489
72637117,35489
72637119,35489
72637120,28153
72637121,27823
72637125,33888
72637166,29814
72637224,33760
72637246,41017
72637247,33760
72637249,39070
72637250,28727
72637252,27227
72637254,20998
72637257,27227
72637258,21651
72637261,31420
72637265,40236
72637267,39336
72637276,28106
72637283,22041
72637285,47125
72637288,22041
72637290,22041
72637291,31928
72637292,27227
72637293,27227
72637295,27780
72637819,30599
72637825,24534
72637826,24534
72637828,25525
72650018,43121
72650022,43121
72650026,43121
72650027,43121
72650035,43121
72650036,43121
72650038,43121
72650040,43121
72650047,43121
72650048,43121
72650052,43121
72650054,43121
72650058,43121
72650066,43121
72650068,43121
72650075,43121
72650086,31066
72650089,43121
72650112,43121
72650117,43121
72650119,43121
72650131,43121
72650135,43121
72650138,43121
72650145,43408
72650155,43121
72650157,43121
72650160,43121
72650161,43121
72650168,37591
72650171,43121
72650172,37591
72650180,43121
72650185,43121
72650189,43121
72650196,43121
72650200,43121
72650207,43121
72650209,43121
72650212,43121
72650213,43121
72650214,43121
72650225,43121
72650226,43121
72650251,43121
72650254,43121
72650920,41061
72651141,52941
72651147,52941
72651148,34767
72651149,53099
72651371,41189
72651488,53099
72651575,53099
72651924,52941
72652051,40832
72652420,39581
72653067,46877
72653314,34767
72653645,53099
72653646,53099
72653654,35635
72653657,35635
72653659,28007
72653660,27969
72653661,27969
72653672,30804
72653674,34041
72653684,29863
72653695,28095
72653696,29960
72653699,44836
72653702,27969
72653703,26265
72653704,28299
72653705,34041
72653707,29863
72653713,29960
72653714,27969
72653724,27969
72653728,25900
72653730,27969
72653736,33287
72653748,37654
72653749,27869
72653751,35010
72653759,37114
72653767,25388
72653843,25065
72654154,35879
72654312,38924
72654335,38924
72654337,43126
72654340,42517
72654349,43126
72654384,25900
72654386,36176
72654388,36176
72654390,36176
72654394,29803
72654397,36176
72654398,25900
72654402,25900
72654403,26745
72654404,23910
72654405,36176
72654406,25900
72654407,25900
72654408,26745
72654413,29803
72654414,23910
72654418,29803
72654419,23947
72654427,25900
72654430,25900
72654432,36176
72654434,36176
72654435,27502
72654436,23910
72654479,36176
72654484,25900
72656670,21651
72659491,34913
72659493,47180
72659517,34913
72659569,38458
72659577,34913
72659582,47023
72659583,47023
72659783,31438
72659835,47779
72659839,41714
72659841,47779
72659842,47779
72659845,47779
72659847,48066
72660266,41028
72660268,41028
72660279,41028
72660280,32401
72660298,41028
72660304,32401
72660306,41028
72660309,41028
72660313,41028
72660314,41028
72660315,41028
72660429,41028
72660431,41028
72661016,24534
72661019,27369
72661021,24534
72661063,26071
72661065,24534
72661097,27687
72661100,27687
72661108,27687
72661223,27687
72661296,27687
72661297,27687
72661447,47034
72661450,37115
72661468,35775
72661469,34767
72661474,36384
72661483,40733
72661485,38360
72661499,47034
72661500,46798
72661505,33063
72661513,47034
72661521,47034
72661527,36660
72661529,53099
72661532,40839
72661540,37602
72661545,36739
72661552,47034
72661567,34767
72661570,40839
72661574,53099
72661575,40839
72661576,38312
72661581,45962
72661584,37602
72661591,47034
72661594,53099
72661619,53099
72661629,47034
72661652,53099
72661654,34767
72661657,47034
72661658,47034
72661691,38312
72661733,40832
72661751,34767
72661752,37602
72661759,53099
72661764,37602
72661765,53099
72661789,46904
72661805,36661
72661829,42313
72661830,34767
72661838,47034
72661846,53099
72661857,53099
72661862,40832
72661871,40832
72661887,47034
72661893,34767
72661895,34767
72661897,34767
72661905,36249
72661918,47034
72661941,36758
72662163,37503
72662273,29447
72662306,31438
72662307,31438
72662363,31928
72662450,38666
72662466,31928
72662503,44038
72662506,44195
72662511,31928
72662513,31928
72662519,33919
72662521,44195
72662522,33919
72662525,44195
72662529,37993
72662532,32258
72662533,34763
72662536,34979
72662545,31928
72662546,31928
72662547,39984
72662571,31928
72662573,31807
72662579,44038
72662584,31928
72662593,44195
72662600,33919
72662607,33919
72662611,32258
72662614,36130
72662619,44195
72662620,39594
72662622,39594
72662626,33821
72662629,31928
72662637,31928
72662640,44195
72662651,33919
72662654,44195
72662661,32286
72662685,41585
72662694,37993
72662699,37894
72662719,44195
72662723,31928
72662728,33919
72662734,30678
72662737,32178
72662744,44195
72662746,38571
72662749,31928
72662751,33919
72662752,33919
72662761,33410
72662773,44038
72662782,31928
72662786,31928
72662801,35473
72662803,31928
72662804,44483
72662805,44038
72662807,29398
72662810,31928
72662812,33410
72662813,31094
72662819,30678
72662821,38205
72662822,31928
72662826,37993
72662828,38571
72662833,32140
72662834,44038
72662835,50260
72662842,37821
72662845,37993
72662849,41414
72662850,31928
72662851,33919
72662853,39594
72662854,30678
72662855,37894
72662858,40828
72662859,31928
72662860,44195
72662861,31928
72662865,44038
72662867,31928
72662874,50547
72662877,31928
72662878,31928
72662885,39594
72662889,31928
72662890,44038
72662891,39594
72662898,44195
72662907,33919
72662912,31928
72662916,39594
72662924,31928
72662925,31439
72662929,31928
72662930,44038
72662931,39594
72662941,44483
72662952,30224
72662959,31928
72662963,31928
72662978,34902
72662979,31928
72662982,31928
72662986,44038
72662992,38571
72662993,50102
72662999,44038
72663003,44195
72663004,33410
72663005,33919
72663006,31928
72663007,44195
72663015,44195
72663017,44195
72663023,31928
72663025,31928
72663027,32286
72663028,39984
72663029,50102
72663032,37993
72663040,33821
72663041,29398
72663042,29398
72663045,36130
72663060,34979
72663068,31928
72663069,44195
72663070,31928
72663073,32286
72663074,39594
72663077,44195
72663084,32286
72663087,44038
72663090,31928
72663091,31928
72663092,31928
72663103,41414
72663104,31928
72663106,33821
72663107,31928
72663111,44195
72663113,44038
72663114,33919
72663118,39984
72663119,30678
72663121,31928
72663123,37993
72663126,30678
72663129,44195
72663130,35463
72663131,31928
72663132,32178
72663135,50260
72663137,37993
72663139,37993
72663143,34979
72663146,34902
72663149,44195
72663157,31928
72663159,34902
72663160,31928
72663176,32258
72663182,32286
72663184,50260
72663277,34913
72665852,53099
72665856,52941
72666457,29569
72666466,31928
72666485,26071
72666486,31569
72666489,26071
72666533,44038
72666550,31471
72666652,32286
72666671,31928
72666672,30678
72666674,44038
72666679,31928
72666680,33545
72666685,30678
72666687,44195
72666695,27916
72666835,30678
72666841,44195
72666843,33919
72666854,31928
72666860,31928
72666862,31928
72666909,30900
72666946,46980
72666949,42564
72667128,47034
72667136,34767
72667194,44253
72667201,47034
72667202,47034
72667203,37818
72667209,42564
72667230,42433
72667233,34767
72667234,38407
72667254,46877
72667256,47034
72667257,47034
72667260,34767
72667262,38312
72667273,37818
72667276,46877
72667281,36758
72667282,37818
72667285,47034
72667286,34767
72667287,37602
72667290,34767
72667313,47034
72667520,43126
72667527,38924
72667528,41272
72667532,44989
72667536,38924
72667537,38924
72667538,38924
72667539,42564
72667544,36394
72667545,43804
72667637,29543
72667639,34205
72667644,20507
72667710,23093
72667712,23093
72667760,35556
72667761,31818
72667774,38119
72667784,33518
72667792,33518
72667804,38406
72667815,29491
72667828,38119
72667833,29491
72667842,29444
72667844,29444
72667846,38119
72667859,36427
72667870,41028
72667880,41316
72667885,47093
72667887,32401
72667888,38119
72667903,36427
72667918,20295
72667922,32401
72667930,27057
72667950,32401
72667952,41028
72667958,38119
72667969,28312
72668007,41028
72668008,32401
72668013,32401
72668022,30752
72668028,32354
72668049,20258
72668050,32401
72668057,28761
72668070,38119
72668071,31109
72668093,31169
72668095,23093
72668168,23093
72668199,47093
72668297,23093
72668334,25852
72668358,26619
72668361,38119
72668384,29466
72668387,39047
72668393,34158
72668395,28385
72668397,38759
72668409,29491
72668544,27746
72668558,24326
72669019,38119
72669048,24601
72669277,27744
72669398,29491
72669417,38119
72669540,38119
72669584,27744
72669718,25388
72669720,27378
72669721,37654
72669804,34767
72669849,38407
72669913,34894
72670019,18778
72670022,20769
72670025,18778
72670031,18778
72670032,31045
72670034,19726
72670037,18778
72670041,31045
72670042,31045
72670043,31045
72670045,20672
72670046,31045
72670050,31045
72670051,18778
72670056,31045
72670057,18778
72670060,20769
72670062,31045
72670066,18778
72670077,31045
72670083,18603
72670088,31045
72670092,31045
72670095,18778
72670100,18778
72670102,20769
72670104,31045
72670107,20769
72670111,18778
72670114,31045
72670118,18778
72670120,31045
72670125,31045
72670126,18778
72670127,20769
72670128,31045
72670131,20769
72670137,31045
72670138,31045
72670144,18778
72670145,18778
72670147,18778
72670151,18778
72670155,18778
72670157,18778
72670158,18778
72670159,22621
72670167,20769
72670188,17074
72670189,31045
72670192,17074
72670193,31045
72670194,31045
72670195,24744
72670196,24744
72670203,31045
72670205,18778
72670211,18778
72670231,18778
72670239,18778
72670240,18778
72670242,18778
72670249,20769
72670253,18778
72670254,20769
72670265,18778
72670266,16248
72670273,18778
72670278,22371
72670285,18778
72670287,16248
72670297,18778
72670300,19769
72670304,18778
72670305,18778
72670312,18778
72670315,18778
72670330,18778
72670332,18778
72670339,18657
72670340,20769
72670346,18778
72670347,18778
72670352,18778
72670358,22868
72670362,18778
72670367,18778
72670372,31045
72670376,18778
72670390,20769
72670392,24850
72670394,18778
72670401,18778
72670404,18778
72670409,18778
72670440,31045
72670472,20671
72670568,18778
72670622,39678
72670623,18778
72670631,31045
72670634,18778
72670640,18778
72670645,24850
72670648,22621
72670667,20769
72670675,18778
72670681,20671
72670699,18778
72670702,18778
72670744,18778
72670747,20590
72670755,20769
72670765,18778
72670775,18778
72670778,31045
72670788,19401
72670829,16248
72670838,20671
72670839,31045
72670847,31045
72670976,33968
72670979,37278
72670991,33688
72670994,33531
72670998,33531
72671014,33688
72671033,33688
72671653,29771
72671656,34913
72671661,19905
72671664,19905
72671666,19905
72671668,32172
72671685,20051
72671686,39594
72671742,22740
72671746,19905
72671774,19905
72671775,22740
72671804,35635
72671842,27715
72671976,35446
72671990,31928
72671997,28062
72672007,37811
72672029,38398
72672036,34325
72672038,33919
72672040,28062
72672043,31928
72672077,28796
72672096,33737
72672102,35820
72672107,33737
72672127,28042
72672131,25896
72672143,27780
72672166,23541
72672183,39594
72672185,33737
72672221,26071
72672230,28062
72672232,22041
72672235,27717
72672256,26071
72672260,28907
72672261,27780
72672288,28062
72672303,20051
72672310,28796
72672315,31928
72672317,31928
72672324,27969
72672330,26071
72672336,33737
72672341,38398
72672343,26071
72672349,33737
72672352,33737
72672361,28062
72672363,28062
72672364,20051
72672365,28062
72672368,26071
72672369,33737
72672372,26071
72672373,22776
72672376,39802
72672380,53245
72672388,20051
72672389,36573
72672404,31438
72672406,33919
72672410,44463
72672412,31928
72672420,41061
72672425,41061
72672428,23339
72672440,35536
72672450,31928
72672483,30732
72672512,31386
72672516,41061
72672570,38338
72672577,28907
72672578,32373
72672660,31928
72672671,27969
72672746,29317
72672788,27715
72672804,41061
72672805,38235
72672838,27780
72672861,29771
72672866,26445
72672874,29038
72672880,35835
72672906,35962
72672921,20051
72672995,41061
72673025,23541
72673201,24317
72673222,26115
72673230,27969
72673271,33737
72673302,22274
72673332,39070
72673347,19121
72673368,26115
72673384,38235
72673399,21651
72673404,30898
72673469,33845
72673474,39070
72673477,28062
72673478,23721
72673479,26071
72673480,26071
72673510,22041
72673522,38338
72673524,21651
72673526,28062
72673543,41061
72673559,47468
72673561,27780
72673565,29771
72673566,36540
72673568,26071
72673570,27717
72673578,24668
72673588,31386
72673589,29771
72673591,35987
72673598,29771
72673621,29771
72673638,23721
72673642,26625
72673644,23721
72673651,35987
72673655,40962
72673657,27922
72673659,27780
72673661,35835
72673664,33845
72673666,31928
72673670,27922
72673674,35446
72673677,50260
72673679,25711
72673680,35835
72673682,35835
72673683,29771
72673685,29771
72673689,28009
72673692,31386
72673693,33943
72673695,31386
72673705,20051
72673708,33457
72673709,45659
72673710,35446
72673712,10309
72673716,23642
72673717,36904
72673719,36275
72673721,38398
72673726,32624
72673728,29771
72673733,37993
72673734,26071
72673753,19876
72673761,25711
72673767,34913
72673768,25711
72673770,25711
72673775,31386
72673777,25711
72673778,21190
72673785,25711
72673800,29771
72673801,25711
72673802,23721
72673805,35987
72673806,25711
72673811,25711
72673813,25711
72673814,25711
72673816,31386
72673824,25711
72673828,25711
72673829,33943
72673840,35987
72673841,31386
72673844,26445
72673866,25711
72673867,23721
72673871,35987
72673873,23721
72673877,26445
72673878,31386
72673881,33737
72673885,25711
72673886,25711
72673887,23721
72673888,31386
72673889,25711
72673890,25711
72673924,25711
72673926,25711
72674147,27780
72674207,41700
72674217,29960
72674224,32383
72674228,24828
72674248,37885
72674249,39070
72674251,51337
72674252,20051
72674458,29960
72674480,27969
72674482,29960
72674506,31562
72674508,27134
72674520,27969
72674544,27794
72674552,46736
72674553,28796
72674554,28062
72674558,44195
72674562,26115
72674563,30382
72674566,25940
72674574,31438
72674583,33737
72674586,46736
72674593,45135
72674595,51337
72674606,20051
72674615,37532
72674618,39070
72674628,29028
72674629,39982
72674635,47180
72674636,33918
72674637,41061
72674644,29771
72674648,28062
72674654,40017
72674656,27018
72674658,45135
72674671,41061
72674686,40962
72674689,21651
72674692,26071
72674695,33737
72674697,32723
72674700,41061
72674701,34913
72674710,38338
72674715,30382
72674716,34913
72674726,46736
72674735,18618
72674759,19121
72674776,46736
72674780,27717
72674791,47180
72674795,30898
72674796,19216
72674810,30207
72674815,20051
72674816,28062
72674855,41061
72674856,36294
72674874,39070
72674876,29217
72674877,42579
72674884,29771
72674887,29771
72674889,36540
72674890,36540
72674898,31928
72674900,21042
72674902,41061
72674906,44647
72674909,41061
72674915,57533
72674919,41714
72674932,33919
72674942,35075
72674943,45261
72674952,29771
72674954,41061
72674955,20051
72674958,29771
72674960,38338
72674963,39070
72674981,26917
72674982,39070
72674994,38398
72674995,29958
72674997,44463
72675016,30224
72675018,47180
72675020,46946
72675025,39070
72675026,33638
72675053,38787
72675064,39070
72675065,29217
72675066,39984
72675070,46736
72675071,41061
72675076,31928
72675082,39070
72675093,39984
72675095,39070
72675102,33919
72675105,39070
72675109,47180
72675113,31438
72675117,42638
72675118,40017
72675122,39070
72675125,38398
72675134,38398
72675140,32723
72675144,46736
72675147,36573
72675154,46736
72675161,27018
72675171,37113
72675176,34034
72675179,40236
72675184,28106
72675189,33919
72675190,32723
72675191,31928
72675197,21651
72675200,31438
72675202,41061
72675203,39984
72675212,40017
72675215,39070
72675220,41061
72675221,41061
72675225,39070
72675234,57401
72675257,39070
72675258,41795
72675259,21567
72675267,36904
72675268,35446
72675270,30898
72675271,41061
72675277,22838
72675278,29960
72675280,25439
72675288,36904
72675609,29317
72675611,42579
72675614,27227
72675617,42579
72675625,42999
72675626,30898
72675635,35446
72675637,27780
72675654,29780
72675661,40978
72675664,51337
72675666,29756
72675667,27780
72675677,41304
72675679,24317
72675680,29217
72675681,29771
72675683,19121
72675686,41693
72675687,38048
72675701,29447
72675702,29447
72675705,27794
72675706,29217
72675707,27780
72675709,27780
72675711,30382
72675714,40061
72675716,30732
72675717,18105
72675722,42579
72675729,41061
72675735,37113
72675738,41714
72675740,35446
72675746,27780
72675747,29771
72675751,26071
72675753,29960
72675756,39070
72675757,39594
72675758,27780
72675759,22041
72675762,27780
72675765,19876
72675770,23558
72675772,29960
72675774,42663
72675776,40962
72675777,40962
72675778,36904
72675780,34585
72675781,21567
72675783,29771
72675784,36904
72675805,51337
72675810,41061
72675813,29960
72675816,51337
72675818,41061
72675822,22041
72675826,27794
72675827,35635
72675831,27969
72675832,30694
72675833,29960
72675834,40978
72675838,35629
72675839,29771
72675842,27780
72675848,37113
72675853,35337
72675854,27780
72675857,39916
72675876,41795
72675878,30382
72675881,31928
72675883,33737
72675893,36904
72675901,26071
72675902,42200
72675909,39070
72675912,36135
72675914,39070
72675919,39070
72675920,22041
72675924,32373
72675925,32274
72675926,30382
72675935,33918
72675938,41192
72675941,41061
72675946,41192
72675950,25950
72675959,21651
72675961,35629
72675972,33919
72675975,22041
72675977,29771
72675997,20051
72676006,33919
72676024,39070
72676030,27780
72676046,27780
72676060,34913
72676062,33737
72676064,36573
72676065,29771
72676066,30504
72676068,35446
72676069,18429
72676076,41061
72676082,26071
72676085,45266
72676098,29272
72676099,29447
72676100,29447
72676104,38787
72676105,44195
72676109,41061
72676110,21651
72676136,25250
72676138,36904
72676140,36904
72676142,33084
72676337,45135
72676338,39070
72676342,45135
72676344,48727
72676347,45135
72676349,41061
72676905,28373
72676909,24171
72676910,27811
72676913,37847
72676941,33773
72676952,39383
72676968,41936
72676997,33319
72677026,31782
72677073,39722
72677074,32129
72677084,28532
72677085,26064
72677093,35366
72677095,42503
72677105,33071
72677108,33287
72677109,39722
72677112,27006
72677122,36438
72677128,22921
72677135,27006
72677137,27006
72677142,17035
72677153,23099
72677154,23099
72677156,24171
72677161,30236
72677162,29401
72677175,36129
72677180,30064
72677181,36438
72677182,36129
72677184,36438
72677185,36438
72677187,30064
72677195,28992
72677199,36129
72677204,36129
72677205,22928
72677207,30064
72677210,36129
72677213,30064
72677214,36129
72677220,30236
72677224,24529
72677225,24529
72677228,25179
72677234,37902
72677242,17035
72677254,17035
72677256,27716
72677257,17035
72677258,26644
72677263,20580
72677265,17035
72677288,30236
72677299,37902
72677304,30064
72677331,33773
72677350,36438
72677579,35373
72677581,29924
72677642,29405
72677653,29860
72677654,29557
72677662,27869
72677664,29557
72677665,29557
72677666,29860
72677740,37993
72678010,40236
72678016,33919
72678017,33919
72678018,32723
72678037,40047
72678041,47180
72678045,45135
72678048,57401
72678050,43884
72678052,40978
72678055,40047
72678056,29771
72678057,40047
72678059,47180
72678062,40736
72678072,47081
72678073,34391
72678075,57401
72678079,42969
72678084,51337
72678085,45142
72678087,29771
72678088,39070
72678089,57244
72678090,51337
72678096,57401
72678101,51337
72678102,51337
72678109,41140
72678111,47482
72678112,48727
72678116,42969
72678124,51337
72678128,42999
72678129,37993
72678132,39070
72678133,46751
72678139,48977
72678142,30460
72678149,39400
72678150,41061
72678200,32844
72678204,42663
72678214,45135
72678216,45135
72678217,57401
72678218,57244
72678224,41061
72678225,39070
72678227,40047
72678230,42459
72678232,51337
72678236,51337
72678237,39070
72678239,41061
72678241,51337
72678242,51337
72678254,41061
72678255,41061
72678257,41061
72678261,41061
72678270,39984
72678271,37993
72678273,39107
72678278,57401
72678280,40047
72678292,47277
72678293,51179
72678294,51337
72678296,28727
72678297,51179
72678299,41061
72678300,51337
72678304,51337
72678305,51337
72678308,41061
72678309,51337
72678310,47180
72678312,36904
72678341,28907
72678351,45135
72678353,35860
72678357,38748
72678365,39070
72678368,51337
72678369,33919
72678372,50260
72678375,38905
72678376,44195
72678377,51337
72678378,37992
72678379,38180
72678380,38180
72678390,30732
72678391,32286
72678392,29771
72678394,46111
72678405,33919
72678406,37872
72678412,45135
72678413,39984
72678419,29771
72678425,51179
72678430,40236
72678431,44195
72678436,33919
72678437,31928
72678438,41061
72678441,29771
72678443,51337
72678444,42709
72678446,29860
72678447,51179
72678458,37819
72678459,41174
72678461,39070
72678467,41061
72678472,51337
72678473,40017
72678474,41061
72678475,29960
72678489,40047
72678496,49063
72678498,41651
72678500,33919
72678505,32590
72678507,37819
72678511,41174
72678513,38905
72678515,51179
72678516,27780
72678527,41061
72678529,47180
72678531,39282
72678546,30460
72678561,51179
72678565,35075
72678566,42999
72678567,37819
72678568,39070
72678575,27780
72678576,27291
72678579,51337
72678581,41061
72678582,34634
72678583,39070
72678584,51337
72678586,40047
72678588,29771
72678590,44195
72678592,51179
72678596,33919
72678598,51179
72678601,41061
72678607,40579
72678610,32590
72678618,44195
72678621,40047
72678624,51337
72678628,37819
72678638,51337
72678639,39070
72678641,30732
72678644,39070
72678645,29960
72678647,27656
72678649,41061
72678652,38581
72678655,33919
72678656,41061
72678658,29960
72678660,30898
72678661,42044
72678662,39400
72678666,33852
72678671,40047
72678672,33919
72678676,40962
72678688,36904
72678689,33740
72678690,51337
72678691,40136
72678692,33919
72678693,41061
72678698,40047
72678706,39400
72678709,41174
72678710,39070
72678712,31438
72678717,41061
72678721,51337
72678722,27780
72678723,30732
72678725,45142
72678726,41061
72678728,51337
72678729,39427
72678732,51337
72678734,24534
72678752,42615
72678754,47180
72678771,31928
72678775,27780
72678791,39427
72678792,33919
72678795,33919
72678798,41061
72678799,39070
72678800,32590
72678801,29771
72678805,41061
72678806,32590
72678807,32590
72678812,33919
72678816,41061
72678817,39070
72678821,51337
72678825,45351
72678831,32590
72678836,35629
72678848,51179
72678880,30718
72678881,28907
72678889,33919
72678891,32671
72678895,27969
72678897,31016
72678899,39427
72678900,36540
72678902,33919
72678907,41061
72678910,40047
72678911,30388
72678918,39070
72678922,40047
72678924,41192
72678926,51337
72678928,51337
72678933,29771
72678939,41061
72678943,33919
72678945,41192
72678946,36025
72678949,51337
72678956,31928
72678958,41061
72678959,24534
72678961,51337
72678974,37819
72678975,28827
72678976,29771
72678980,40047
72678981,29771
72678983,33919
72678984,51337
72678985,32723
72678989,29960
72678990,51337
72678995,41651
72679002,39070
72679009,29771
72679010,39070
72679015,29960
72679018,27969
72679019,39070
72679020,41061
72679026,32590
72679032,39070
72679033,28907
72679035,29771
72679036,29771
72679042,41061
72679044,32590
72679045,32590
72679046,32590
72679048,32590
72679051,44038
72679052,31928
72679054,45808
72679055,33919
72679057,28110
72679061,42663
72679068,41061
72679070,27634
72679090,29625
72679091,27634
72679115,27634
72679123,29625
72679126,27634
72679128,27634
72679163,32952
72679164,27634
72679183,29625
72679211,21896
72679213,21896
72679217,27634
72679263,29625
72679274,26265
72679281,21896
72679284,29672
72679287,41093
72679290,39070
72679292,28907
72679294,33919
72679307,35300
72679324,29625
72679328,32938
72679331,19905
72679332,19905
72679353,29771
72679354,29771
72679357,36904
72679359,51337
72679361,39070
72679385,28907
72679388,29530
72679402,41061
72679406,42913
72679413,27656
72679414,27969
72679416,41061
72679418,25900
72679420,39070
72679424,41061
72679431,27780
72679433,39070
72679435,28907
72679437,27369
72679440,30898
72679444,36677
72679445,33919
72679449,30732
72679453,38693
72679459,31623
72679467,37894
72679469,39070
72679470,41061
72679472,41905
72679474,30732
72679475,37819
72679476,41174
72679477,31928
72679481,41061
72679482,51179
72679483,31325
72679485,41061
72679486,29960
72679489,40047
72679491,29771
72679493,41651
72679494,29771
72679495,29960
72679498,26945
72679509,41017
72679510,41061
72679515,31928
72679517,33919
72679526,39427
72679527,33919
72679528,24534
72679529,37992
72679713,29771
72679714,29960
72679717,41061
72679719,33919
72679723,29771
72679730,34634
72679733,31928
72679734,34913
72679735,38666
72679750,37503
72679751,40136
72679752,26308
72679777,33919
72679778,31928
72679791,33919
72679800,27780
72679804,33919
72679805,41061
72679811,34913
72679814,39889
72679815,33097
72679817,33919
72679819,40136
72679825,29771
72679827,51179
72679828,31928
72679829,29398
72679831,27605
72679832,39693
72679833,30898
72679834,29771
72679838,29217
72679844,39889
72679850,30898
72679851,29447
72679852,33919
72679853,41061
72679854,27780
72679859,39070
72679877,27780
72679881,41192
72679893,26308
72679898,23558
72679899,41061
72679900,33919
72679918,40964
72679919,39070
72679920,24534
72679921,40047
72679922,29771
72679924,31928
72679930,29771
72679935,40047
72679937,27969
72679939,41061
72679940,40047
72679941,40047
72679942,41061
72679943,41714
72679945,33919
72679947,28907
72679949,33919
72679955,40047
72679957,39427
72679964,39070
72679969,30732
72679971,51337
72679973,23558
72679976,28907
72679980,34913
72679982,29771
72679984,35549
72679985,28106
72679989,29771
72679993,29771
72679998,36963
72680000,39070
72680001,40047
72680003,40047
72680004,33291
72680006,35835
72680008,33919
72680024,40047
72680038,31928
72680044,33919
72680048,33638
72680051,28629
72680059,40978
72680060,33638
72680063,33638
72680064,47239
72680066,35987
72680070,47023
72680074,29771
72680078,26308
72680079,28062
72680080,29771
72680082,29771
72680084,28727
72680093,29447
72680094,28093
72680096,29217
72680098,33662
72680099,39494
72680101,30898
72680102,39889
72680103,43861
72680106,27715
72680107,26529
72680110,33919
72680114,24002
72680118,27780
72680120,29217
72680122,22041
72680143,29771
72680145,24108
72680146,35987
72680147,25711
72680155,34913
72680156,41061
72680159,31928
72680161,21651
72680165,29771
72680169,29217
72680170,29771
72680171,22041
72680172,29771
72680173,23558
72680174,41061
72680178,21651
72680180,32945
72680185,25998
72680186,41174
72680191,33638
72680196,29771
72680198,27605
72680201,32373
72680203,29771
72680205,30898
72680206,31928
72680207,18429
72680210,27780
72680214,40047
72680219,29547
72680220,29771
72680222,24317
72680223,27780
72680226,24675
72680228,29706
72680230,35835
72680236,36025
72680242,47125
72680305,39070
72680372,40978
72680393,41061
72680398,41061
72680688,26071
72680697,38338
72680700,28062
72680704,33888
72680718,36379
72680722,29814
72680731,20254
72680737,25144
72680740,21505
72680773,38182
72680778,36304
72680790,42823
72680832,36758
72680850,43360
72680891,42368
72680907,42368
72680916,42514
72680925,42514
72681153,25900
72681226,25900
72681258,25900
72681472,25900
72681585,25900
72681744,25900
72681851,25900
72681860,25900
72682010,25900
72682612,25900
72682640,32526
72682644,32526
72682648,36438
72682649,27811
72682654,27811
72682891,27811
72682893,27811
72682895,37902
72682898,28373
72682906,30236
72682915,27811
72682929,27811
72683172,27823
72683175,40090
72683178,24776
72683179,26573
72683180,36939
72683182,37527
72683185,33888
72683258,26111
72683260,43455
72683266,38566
72683267,38566
72683268,38566
72683275,37322
72683277,34540
72683289,29650
72683301,38566
72683374,34929
72683375,36578
72683377,34929
72683571,41714
72683575,47779
72683578,41714
72683579,41714
72683582,47779
72683585,35512
72683595,35519
72683597,31339
72683622,24287
72683642,36170
72683664,29579
72683685,28394
72683691,29458
72683700,30586
72683705,29433
72683719,29579
72683723,29579
72683726,29579
72683727,29579
72683728,29579
72683729,29579
72683730,24287
72683734,29579
72683736,29579
72683737,31578
72683739,29579
72683753,31569
72683754,22296
72683759,31121
72683760,31578
72683768,29579
72683769,22296
72683771,31423
72683773,22296
72683775,29579
72683777,29579
72683779,39065
72683781,29579
72683782,37160
72683785,29579
72683789,41845
72683792,29579
72683793,41845
72683795,29579
72683799,35650
72683801,29579
72683802,29579
72683806,31423
72683808,29433
72683811,32413
72683812,38919
72683813,38919
72683839,29433
72683871,36176
72683887,23947
72683893,27387
72683895,41028
72683899,23314
72683900,23314
72683903,30752
72683904,41028
72683905,41028
72683910,41028
72683939,22903
72683958,41028
72683959,30752
72683960,41028
72683962,41028
72683964,28761
72684005,40871
72684009,31109
72684011,41028
72684012,41028
72684013,28761
72684058,32401
72684151,32401
72684162,28761
72684163,28761
72684166,41028
72684170,31109
72684172,30752
72684235,41028
72684239,41028
72684241,34833
72684242,36427
72684290,28761
72684301,34826
72684308,41028
72684357,41028
72684363,28761
72684392,30655
72684397,28385
72684404,28761
72684408,41028
72684410,28761
72684411,32401
72684415,41028
72684418,28761
72684420,27057
72684421,41028
72684422,41028
72684426,41028
72684427,41028
72684431,41028
72684434,32401
72684435,34833
72684436,32401
72684437,32401
72684438,28761
72684441,34833
72684446,40871
72684449,47093
72684451,41028
72684452,47093
72684455,41028
72684460,28799
72684463,41028
72684467,41028
72684468,31812
72684469,32401
72684473,28761
72684475,26693
72684476,41028
72684477,32401
72684487,22044
72684503,35270
72684507,34913
72684509,35270
72684511,34913
72684512,34913
72684527,26071
72684531,28062
72684950,28062
72684952,26071
72684967,28062
72684969,28062
72684985,33737
72684989,28062
72684990,28062
72685032,28062
72685037,33737
72685038,33737
72686882,39253
72687297,33614
72687321,34488
72687397,51969
72687403,23575
72687421,46111
72687422,27989
72687424,20329
72687448,42649
72687449,18632
72687452,42649
72687453,22324
72687458,37946
72687461,23575
72687465,27723
72687476,42649
72687482,42649
72687483,47131
72687487,39990
72687488,42975
72687490,30708
72687494,23575
72687510,35841
72687514,34865
72687515,27723
72687527,34865
72687530,30502
72687533,35841
72687537,35812
72687545,42649
72687553,38363
72687561,18632
72687567,42649
72687568,35841
72687570,27723
72687571,34865
72687572,27723
72687594,47131
72687595,34865
72687598,34865
72687617,34865
72687625,29433
72687626,47131
72687632,36969
72687708,29056
72687713,47131
72687743,28879
72687766,17445
72687768,17803
72687775,22296
72687784,47131
72687788,29433
72687789,42649
72687793,34865
72687804,38363
72687809,30708
72687810,12975
72687823,34865
72687825,42649
72687832,27723
72687845,34865
72687846,21234
72687861,23764
72687868,35841
72687877,34865
72687968,41699
72687971,34865
72687977,16058
72687978,42649
72687986,34865
72688006,42649
72688013,23575
72688017,22324
72688024,23575
72688026,35841
72688028,23575
72688050,42649
72688051,42649
72688065,15845
72688070,23575
72688077,15845
72688079,35841
72688082,23575
72688084,42649
72688094,42649
72688099,42649
72688104,23575
72688106,42649
72688111,15845
72688114,30708
72688118,15845
72688140,31655
72688145,47131
72688148,47131
72688150,15845
72688153,45135
72688163,35841
72688164,47131
72688167,25550
72688174,42649
72688177,30382
72688183,42649
72688258,27534
72688260,21078
72688273,33834
72688297,35075
72688300,33919
72688302,31438
72688304,35075
72688309,26308
72688311,45808
72688327,47125
72688366,27219
72688372,51337
72688373,27219
72688387,40047
72688389,51337
72688395,47970
72688396,32723
72688397,40978
72688399,47180
72688401,40236
72688402,51337
72688405,51337
72688409,38905
72688412,34913
72688426,41061
72688433,32373
72688434,40736
72688436,26308
72688443,34391
72688445,53245
72688446,45135
72688447,45135
72688453,57401
72688456,53245
72688459,34034
72688460,53245
72688461,57244
72688464,57401
72688465,47125
72688466,34977
72688468,47023
72688472,37532
72688476,40236
72688477,45492
72688478,45142
72688481,51179
72688485,34391
72688488,39070
72688489,51337
72688493,51179
72688495,41557
72688496,41714
72688499,47125
72688500,47125
72688501,47125
72688504,45135
72688505,51337
72688509,51179
72688510,51337
72688518,47180
72688519,51337
72688523,51179
72688529,41693
72688530,48906
72688531,40978
72688532,45135
72688533,57244
72688534,45135
72688537,38787
72688539,57401
72688541,57244
72688542,57244
72688544,27715
72688545,46644
72688554,40236
72688557,42709
72688561,51337
72688562,47023
72688563,47023
72688564,51337
72688565,51337
72688567,41061
72688569,41174
72688571,51337
72688572,40047
72688573,39070
72688576,39070
72688577,33919
72688580,45351
72688581,33918
72688582,41061
72688583,51337
72688587,47180
72688589,30460
72688592,39984
72688596,57401
72688597,47125
72688599,46082
72688600,57401
72688603,57401
72688608,47779
72688613,37993
72688614,34585
72688616,34585
72688617,41693
72688621,34913
72688624,41061
72688626,51179
72688628,51179
72688631,51337
72688632,51179
72688637,39070
72688641,46801
72688648,26969
72688649,47023
72688652,39070
72688654,45036
72688655,45351
72688656,45351
72688657,40962
72688658,40962
72688661,57401
72688663,40236
72688669,57401
72688674,53245
72688678,57401
72688682,51468
72688684,51337
72688688,34913
72688689,27593
72688690,34934
72688691,41061
72688692,38693
72688693,41418
72688694,29771
72688696,47023
72688698,51337
72688699,47023
72688703,39400
72688704,39400
72688705,51337
72688712,47180
72688713,27969
72688714,47023
72688716,51337
72688717,31562
72688725,39070
72688729,33888
72688730,29771
72688731,44195
72688734,19121
72688736,39400
72688739,51179
72688741,51337
72688748,46082
72688755,45135
72688756,37811
72688757,37811
72688759,37811
72688760,37811
72688761,37811
72688763,34034
72688766,37811
72688767,57401
72688769,51206
72688772,30278
72688773,51337
72688776,45808
72688777,51337
72688780,42999
72688781,41061
72688783,51337
72688789,29237
72688790,38905
72688793,51179
72688804,29960
72688805,47023
72688806,51179
72688807,36806
72688811,39070
72688817,31928
72688819,40047
72688820,39400
72688821,51337
72688822,30804
72688824,51337
72688825,38693
72688828,32178
72688830,51337
72688831,40881
72688832,51179
72688833,57401
72688834,50260
72688835,47125
72688840,51179
72688841,41061
72688845,57401
72688846,57401
72688849,51337
72688850,33919
72688855,39070
72688858,42999
72688860,27969
72688864,51337
72688865,45036
72688869,29450
72688870,42568
72688874,51337
72688875,47180
72688876,47180
72688877,28299
72688879,33919
72688890,27969
72688891,33919
72688892,45142
72688894,51179
72688895,41061
72688898,57401
72688899,34913
72688902,51337
72688903,51337
72688905,40236
72688906,51337
72688910,24534
72688912,39070
72688915,35629
72688931,29960
72688932,29960
72688933,47023
72688934,51337
72688935,51179
72688936,51337
72688937,33919
72688938,33919
72688940,45135
72688941,51179
72688944,39070
72688947,51337
72688949,33919
72688955,27369
72688956,51337
72688958,38003
72688960,39201
72688962,43861
72688963,41061
72688965,29960
72688967,41061
72688970,39494
72688972,39070
72688973,51337
72688975,51179
72688976,51337
72688977,35629
72688978,39070
72688979,42999
72688980,42999
72688984,50260
72688985,41693
72688986,41693
72688990,41693
72688993,39984
72688994,32590
72688998,32178
72689000,29960
72689001,48727
72689005,36904
72689008,51337
72689013,36540
72689014,39400
72689015,36540
72689016,39400
72689017,51337
72689020,40143
72689024,41693
72689025,34034
72689027,31928
72689030,51337
72689033,40017
72689034,30898
72689035,27369
72689039,51337
72689046,39070
72689047,41061
72689052,35629
72689053,41174
72689054,31928
72689057,33919
72689059,39070
72689061,41061
72689066,38693
72689068,51179
72689069,51337
72689076,51337
72689077,51337
72689080,42615
72689084,33919
72689085,33638
72689086,31928
72689087,29960
72689091,41061
72689092,39070
72689093,26464
72689096,51337
72689097,31467
72689100,41061
72689102,40017
72689103,24317
72689113,39070
72689114,31552
72689115,32671
72689117,33919
72689120,33919
72689124,28326
72689125,47125
72689126,48977
72689127,53245
72689128,30599
72689130,47023
72689134,45135
72689135,42969
72689140,41061
72689143,28592
72689147,36904
72689148,42969
72689154,51969
72689155,41693
72689164,41693
72689167,41693
72689168,51969
72689177,31438
72689181,47180
72689182,51337
72689183,47125
72689184,41061
72689185,41061
72689188,41714
72689189,41714
72689191,41061
72689195,39282
72689196,41651
72689197,44195
72689198,47180
72689199,39693
72689200,39070
72689201,35860
72689204,47023
72689205,51179
72689207,35341
72689210,31438
72689211,51337
72689212,41714
72689213,29771
72689214,27969
72689216,31928
72689217,39070
72689219,47180
72689227,51337
72689231,47468
72689233,51179
72689236,41061
72689238,27969
72689240,27969
72689243,32349
72689245,29960
72689246,51624
72689247,35163
72689248,38338
72689255,28976
72689259,33919
72689260,27969
72689265,26377
72689269,35521
72689270,29854
72689271,30718
72689273,33919
72689276,47023
72689277,29771
72689279,41174
72689283,37819
72689285,39070
72689287,29960
72689289,35629
72689291,39070
72689293,41061
72689294,51337
72689296,29771
72689297,29771
72689298,40047
72689300,40047
72689303,39070
72689305,51337
72689306,51337
72689307,38180
72689308,27817
72689309,41061
72689311,41017
72689313,29960
72689322,40017
72689323,39070
72689325,51337
72689326,51337
72689327,40236
72689328,40017
72689329,40236
72689332,40017
72689333,40047
72689336,39510
72689338,41061
72689339,30278
72689340,47257
72689342,51337
72689343,39070
72689345,38693
72689346,45036
72689347,45905
72689352,41061
72689353,33919
72689354,41061
72689355,37993
72689357,39984
72689359,53087
72689360,36025
72689363,33638
72689364,45135
72689368,45135
72689373,46301
72689374,35039
72689375,31928
72689379,51969
72689380,51969
72689389,51179
72689395,27369
72689396,45036
72689398,41174
72689403,39427
72689404,40962
72689406,34707
72689407,34707
72689408,51337
72689409,30283
72689419,39070
72689420,37819
72689421,39320
72689422,34424
72689423,36904
72689425,31928
72689427,36904
72689428,33919
72689430,51337
72689433,31928
72689434,33919
72689442,51468
72689447,41061
72689449,41061
72689453,39070
72689458,35629
72689459,29804
72689460,24317
72689461,51337
72689462,38693
72689463,28196
72689465,33834
72689468,29960
72689470,44402
72689472,31552
72689474,41061
72689475,31928
72689476,36801
72689477,51337
72689478,33919
72689483,44195
72689484,39070
72689487,39070
72689488,27969
72689490,51337
72689491,34913
72689493,36904
72689494,29960
72689495,29771
72689496,40962
72689499,29960
72689500,51337
72689503,41061
72689508,40017
72689514,39070
72689517,29960
72689527,44195
72689528,41905
72689529,29771
72689531,39070
72689532,40236
72689534,45036
72689535,29960
72689537,37246
72689538,29960
72689541,39070
72689543,51337
72689544,41061
72689545,51337
72689546,39070
72689547,29960
72689548,33713
72689549,41061
72689551,41017
72689552,39070
72689553,33919
72689554,27780
72689556,29771
72689559,51179
72689560,51337
72689565,41061
72689567,41017
72689569,40962
72689571,51337
72689575,35075
72689576,39070
72689578,39070
72689579,39070
72689580,30394
72689584,35270
72689590,51179
72689595,40047
72689597,31928
72689598,41061
72689599,41017
72689600,42999
72689605,41061
72689607,41905
72689612,39282
72689616,31928
72689617,41061
72689619,51337
72689620,44195
72689622,28907
72689624,40047
72689628,33919
72689629,41693
72689632,41693
72689634,41693
72689644,41693
72689646,51969
72689648,41693
72689649,41693
72689650,47257
72689651,41693
72689655,51969
72689658,57401
72689662,34951
72689664,42663
72689667,33852
72689668,35860
72689669,32178
72689672,32590
72689674,41693
72689675,41693
72689681,41693
72689687,48087
72689688,37811
72689691,31928
72689692,41693
72689694,29756
72689699,47125
72689700,39070
72689701,32844
72689702,41693
72689708,41693
72689714,48087
72689716,51969
72689718,41693
72689722,27969
72689726,24675
72689729,40047
72689730,41061
72689732,29897
72689733,42663
72689735,47125
72689741,32590
72689744,40017
72689746,36130
72689747,38905
72689748,39427
72689753,38338
72689758,51337
72689762,27780
72689765,29398
72689766,33919
72689767,33567
72689768,40047
72689769,28907
72689771,39070
72689772,41061
72689773,29771
72689776,51179
72689777,51337
72689778,41061
72689780,33919
72689781,29447
72689782,41061
72689783,39107
72689784,36904
72689787,33673
72689788,34763
72689789,33919
72689790,40047
72689791,29771
72689793,31438
72689794,39982
72689795,37819
72689797,29860
72689799,42663
72689800,37819
72689801,39282
72689806,41061
72689809,39070
72689810,41061
72689811,39070
72689812,40047
72689821,36540
72689829,29771
72689831,41061
72689834,41174
72689835,32373
72689841,33919
72689842,41174
72689843,28030
72689844,28976
72689846,33919
72689847,40047
72689848,44402
72689849,39282
72689850,34913
72689854,29771
72689855,41061
72689856,33084
72689857,51337
72689858,36904
72689859,38666
72689860,41061
72689861,51337
72689862,27969
72689863,27969
72689865,47180
72689866,29672
72689867,44195
72689870,38905
72689877,30460
72689878,39070
72689880,40047
72689881,33919
72689882,26638
72689884,38748
72689885,51337
72689890,33919
72689894,39427
72689896,25939
72689897,40047
72689900,33968
72689902,28907
72689904,41905
72689907,51179
72689908,41061
72689911,51337
72689913,39070
72689915,42663
72689916,24317
72689917,51179
72689924,39070
72689925,33919
72689926,29771
72689928,36801
72689932,41061
72689933,35629
72689935,51179
72689936,24534
72689945,47023
72689946,33919
72689947,39070
72689949,29264
72689955,32590
72689956,39984
72689957,37993
72689960,30382
72689966,46143
72689967,47125
72689972,33919
72689973,39282
72689976,39070
72689980,41061
72689982,33919
72689983,25934
72689984,40551
72689987,27969
72689988,39070
72689990,36584
72689993,29960
72689995,51337
72689996,35629
72689998,51337
72690001,33638
72690004,38264
72690006,41061
72690011,57401
72690013,35702
72690014,29960
72690015,40047
72690016,31928
72690018,27969
72690021,42999
72690023,29960
72690024,33545
72690025,36904
72690028,39070
72690030,41192
72690032,38905
72690034,33834
72690039,33919
72690040,38787
72690041,51337
72690042,33919
72690043,36540
72690044,30732
72690046,41905
72690049,48087
72690051,33662
72690060,38448
72690063,47180
72690064,33356
72690065,53245
72690067,28062
72690070,39693
72690071,30382
72690078,47027
72690080,40687
72690083,20998
72690085,31928
72690086,47180
72690089,38787
72690091,39984
72690092,37811
72690096,41714
72690101,39070
72690102,24359
72690104,28137
72690108,29771
72690116,44038
72690120,33919
72690122,23558
72690124,41905
72690125,38506
72690129,41061
72690130,41061
72690132,28196
72690133,40962
72690136,39070
72690138,28219
72690141,36904
72690142,33919
72690144,25250
72690147,39070
72690148,24534
72690152,26525
72690154,41061
72690155,30382
72690157,35270
72690161,28196
72690163,31746
72690165,36904
72690166,26525
72690167,44195
72690168,31420
72690171,41174
72690173,51337
72690180,29960
72690181,41061
72690183,51337
72690184,35838
72690185,27780
72690191,29771
72690193,41061
72690194,41061
72690196,33919
72690200,51337
72690209,51337
72690232,32373
72690233,33919
72690241,26071
72690242,29447
72690243,21567
72690245,34913
72690246,30804
72690247,43272
72690248,51179
72690251,33919
72690253,39070
72690254,26308
72690255,40017
72690256,32723
72690257,35512
72690258,27656
72690261,39070
72690264,32318
72690266,37455
72690270,31928
72690272,44195
72690273,33834
72690274,41061
72690276,36801
72690279,28907
72690282,33919
72690287,39070
72690289,28062
72690293,51337
72690295,30278
72690302,28062
72690304,27969
72690305,33919
72690306,30394
72690312,51337
72690314,37366
72690315,45905
72690317,41061
72690319,41061
72690322,39070
72690323,51179
72690324,33919
72690327,40736
72690329,33919
72690331,22515
72690334,33919
72690335,31966
72690336,26308
72690338,28007
72690339,31928
72690340,33919
72690342,35473
72690343,51337
72690353,45135
72690355,39982
72690359,31928
72690360,26525
72690362,37470
72690366,24534
72690370,45905
72690373,42969
72690375,39070
72690378,39070
72690379,24534
72690386,51337
72690389,29960
72690391,41714
72690393,26071
72690399,33919
72690404,41192
72690412,31746
72690413,33919
72690414,27152
72690416,41557
72690419,39070
72690426,31928
72690427,31438
72690432,34053
72690433,40710
72690435,24317
72690436,45347
72690438,41192
72690442,31928
72690443,33919
72690445,29771
72690446,24892
72690447,24534
72690448,40687
72690451,33919
72690452,41061
72690453,29960
72690456,30732
72690457,27882
72690465,37811
72690473,31807
72690474,31928
72690480,29854
72690482,30898
72690484,39070
72690485,29771
72690486,23049
72690492,27817
72690493,32178
72690494,29771
72690495,24820
72690497,27969
72690499,32547
72690501,36904
72690508,27969
72690513,25205
72690514,31438
72690515,51179
72690516,42310
72690517,29960
72690520,25998
72690521,33919
72690522,33919
72690533,30317
72690534,30800
72690535,41192
72690536,29447
72690537,40047
72690539,33919
72690542,29217
72690544,38338
72690546,39070
72690548,47180
72690549,41061
72690550,28907
72690553,40047
72690554,28629
72690556,35629
72690558,33760
72690559,32876
72690564,33919
72690568,32200
72690569,39070
72690573,38338
72690575,28827
72690576,33919
72690579,29447
72690580,34757
72690583,41061
72690587,31928
72690592,27969
72690595,51337
72690599,26377
72690602,23558
72690603,29771
72690605,22041
72690609,26917
72690610,51337
72690611,30898
72690615,33919
72690616,37894
72690619,51337
72690623,22041
72690624,44195
72690625,29960
72690626,31928
72690629,29447
72690630,41061
72690631,36904
72690632,51337
72690634,41061
72690639,21742
72690640,41061
72690641,33919
72690643,28110
72690644,31746
72690645,29960
72690646,41192
72690650,33919
72690653,41061
72690654,33919
72690655,33919
72690656,21651
72690657,39427
72690658,44195
72690661,40962
72690664,41061
72690665,30898
72690666,30732
72690667,38905
72690674,22041
72690676,41061
72690678,41061
72690679,25711
72690689,33919
72690690,27715
72690694,33410
72690696,29771
72690697,25711
72690698,28663
72690699,35270
72690704,33919
72690705,35629
72690711,45135
72690713,39984
72690715,42605
72690716,34972
72690725,31746
72690727,41174
72690728,33919
72690732,41061
72690733,27969
72690735,33919
72690736,27656
72690740,45905
72690741,30394
72690742,29447
72690744,24534
72690745,38338
72690746,37819
72690749,31753
72690750,28907
72690751,36584
72690757,33919
72690761,45905
72690762,39070
72690764,26308
72690766,51337
72690768,39822
72690769,34913
72690770,34913
72690771,44195
72690773,33919
72690774,39648
72690775,51337
72690776,39400
72690778,33919
72690779,33919
72690781,44195
72690782,44195
72690784,38338
72690785,33919
72690787,32171
72690790,30615
72690793,41061
72690794,26638
72690795,21567
72690797,27969
72690800,29771
72690801,33919
72690811,33919
72690812,28062
72690817,26308
72690818,24317
72690819,51337
72690821,33638
72690823,37993
72690824,36025
72690825,26377
72690829,33919
72690831,42649
72690832,29771
72690834,26308
72690836,41061
72690837,38338
72690838,26016
72690842,41061
72690844,26525
72690846,34763
72690847,38338
72690848,33919
72690849,33638
72690850,23642
72690851,23558
72690857,33638
72690858,33638
72690861,33919
72690866,34034
72690868,27869
72690869,31928
72690871,21567
72690872,45135
72690874,33919
72690875,35629
72690876,35629
72690877,24317
72690878,41557
72690880,31928
72690884,24675
72690886,40236
72690889,33919
72690890,39336
72690894,38338
72690895,27969
72690896,29960
72690897,45142
72690902,47125
72690904,32136
72690907,51337
72690910,28062
72690912,41061
72690916,29447
72690917,41174
72690918,41174
72690919,32103
72690923,30703
72690924,41714
72690926,20051
72690929,51337
72690930,39494
72690931,21651
72690934,29860
72690935,34041
72690939,26377
72690940,29447
72690941,33919
72690942,29756
72690945,28345
72690947,32373
72690954,41585
72690957,57401
72690969,51179
72690971,33919
72690973,27723
72690975,29447
72690976,41061
72690978,27780
72690979,32373
72690982,41061
72690984,41174
72690985,39494
72690986,40047
72690988,47023
72690990,27969
72690991,40077
72690994,44195
72690995,39070
72690997,32723
72691002,24668
72691003,33919
72691006,29447
72691007,27219
72691009,27632
72691010,28907
72691013,29771
72691014,24534
72691017,39070
72691020,20051
72691024,24534
72691028,29960
72691032,41061
72691033,24534
72691036,20051
72691037,51337
72691038,29771
72691040,39070
72691053,30460
72691059,28907
72691060,26308
72691061,28062
72691068,31928
72691072,41061
72691074,40736
72691075,29447
72691076,39070
72691077,31438
72691078,33919
72691080,28976
72691081,39070
72691082,51337
72691083,38338
72691085,41061
72691086,36806
72691087,33919
72691088,39070
72691090,35629
72691091,34913
72691095,21567
72691096,33919
72691101,23642
72691102,23642
72691103,31438
72691105,27969
72691107,47180
72691108,41061
72691109,21651
72691110,23642
72691113,29771
72691114,33919
72691119,39070
72691123,31438
72691127,40047
72691129,34034
72691131,39070
72691135,38107
72691136,24534
72691141,31928
72691142,29960
72691143,39984
72691149,41061
72691150,29771
72691151,36025
72691152,39885
72691154,27780
72691156,35282
72691158,33918
72691159,35282
72691160,29860
72691163,29771
72691164,33919
72691166,29447
72691168,30394
72691169,31928
72691170,41061
72691172,31928
72691174,28907
72691175,41174
72691176,40047
72691177,42969
72691178,32373
72691179,47125
72691180,32373
72691185,33919
72691188,47125
72691190,29960
72691191,35010
72691192,29960
72691194,33617
72691195,29447
72691196,21651
72691198,34763
72691201,36904
72691204,40736
72691205,39070
72691207,27969
72691210,26702
72691212,29771
72691213,32286
72691214,31438
72691218,32373
72691220,41061
72691222,32547
72691224,29447
72691228,32373
72691230,34034
72691231,20051
72691236,31928
72691238,34034
72691243,26308
72691245,21567
72691246,28062
72691248,26115
72691251,39070
72691254,29960
72691256,57401
72691257,33919
72691258,26945
72691262,41714
72691266,40136
72691267,29860
72691268,29756
72691272,41557
72691274,34034
72691279,39070
72691280,33918
72691281,24661
72691283,33821
72691286,26377
72691289,36904
72691290,41061
72691292,33919
72691293,27969
72691294,22041
72691295,21567
72691296,38338
72691297,30382
72691298,34034
72691299,33638
72691308,39070
72691311,41061
72691312,41061
72691313,28907
72691314,27780
72691326,27817
72691332,21651
72691333,27969
72691334,24534
72691336,20051
72691337,27969
72691338,32318
72691339,26308
72691340,41061
72691341,34160
72691346,34913
72691347,31928
72691348,27969
72691350,26308
72691351,29960
72691352,33822
72691354,23642
72691356,39070
72691365,21567
72691367,41061
72691368,29447
72691370,32945
72691371,33084
72691376,42649
72691379,28062
72691381,22041
72691382,26308
72691383,26308
72691384,39984
72691385,36801
72691386,41714
72691387,28469
72691388,32876
72691389,24317
72691390,35820
72691391,29217
72691392,33918
72691394,24534
72691395,39070
72691397,31928
72691401,30599
72691409,41693
72691410,30739
72691411,32373
72691416,32373
72691417,32373
72691418,32373
72691419,32373
72691420,32373
72691421,30382
72691422,36025
72691425,34913
72691426,28062
72691430,36904
72691439,20051
72691440,38756
72691442,35270
72691443,10309
72691444,23558
72691447,34913
72691449,25939
72691456,26071
72691459,29447
72691460,27780
72691464,33919
72691465,33919
72691466,33919
72691467,33919
72691468,33919
72691469,26525
72691470,26071
72691471,21567
72691472,28469
72691474,27227
72691478,26308
72691485,29960
72691487,45135
72691491,39703
72691497,40978
72691501,36797
72691504,40710
72691516,25900
72691517,35629
72691518,22041
72691520,41061
72691522,27969
72691524,41714
72691526,23642
72691527,39336
72691528,27969
72691530,28727
72691531,30460
72691532,41714
72691536,23642
72691540,26308
72691541,33638
72691545,34205
72691546,34913
72691548,33834
72691550,41061
72691554,43861
72691559,34913
72691560,33084
72691566,41061
72691571,21567
72691574,36904
72691575,21567
72691578,28907
72691614,29623
72691622,17982
72691624,24078
72691625,41061
72691626,31928
72691628,38235
72691629,29771
72691630,36025
72691631,29771
72691635,51179
72691638,21567
72691639,32140
72691643,23558
72691644,34913
72691645,21651
72691646,33834
72691651,29447
72691653,28907
72691656,41714
72691657,26917
72691659,20051
72691660,25711
72691662,41061
72691663,26071
72691664,31438
72691665,27780
72691666,21651
72691667,21651
72691668,41061
72691671,41557
72691672,35629
72691673,41714
72691674,24317
72691678,29771
72691684,34913
72691687,29771
72691688,10309
72691691,29447
72691692,21567
72691693,26071
72691697,29960
72691698,33919
72691699,21651
72691700,24534
72691701,23642
72691703,39070
72691705,26525
72691708,34913
72691710,21567
72691711,31928
72691713,23642
72691714,20051
72691718,35512
72691719,23733
72691724,28062
72691725,26115
72691726,27969
72691732,23642
72691740,26529
72691742,36904
72691746,27780
72691750,21651
72691751,20400
72691754,34570
72691756,36904
72691757,29960
72691759,29771
72691760,29447
72691761,33919
72691762,21651
72691763,26308
72691765,36025
72691767,31438
72691772,28062
72691773,28062
72691776,39070
72691780,33919
72691781,23558
72691784,27780
72691786,34913
72691790,31438
72691791,26525
72691792,28469
72691801,39070
72691802,28196
72691803,20051
72691804,42969
72691805,21651
72691806,34913
72691811,36185
72691820,24534
72691822,24534
72691823,26308
72691824,41714
72691825,21651
72691829,23642
72691830,31278
72691833,28369
72691835,22296
72691836,31928
72691838,36904
72691854,41061
72691855,32373
72691856,32178
72691858,31928
72691859,39070
72691860,23642
72691861,26071
72691862,21567
72691863,36904
72691864,38905
72691866,29659
72691868,42250
72691872,39070
72691873,34913
72691875,34913
72691877,39070
72691880,22041
72691881,20051
72691882,20051
72691883,34913
72691886,34913
72691887,31746
72691892,29447
72691893,20051
72691895,38338
72691900,21156
72691901,47125
72691907,40060
72691909,35512
72691916,20051
72691919,36797
72691927,34913
72691928,24534
72691929,29771
72691931,20051
72691932,29804
72691934,41061
72691939,24534
72691944,26525
72691946,30460
72691947,21651
72691948,28062
72691949,40017
72691952,23642
72691953,42666
72691956,34518
72691957,41061
72691958,7458
72691959,35820
72691960,29447
72691961,24534
72691962,21567
72691963,29756
72691965,23549
72691966,42969
72691970,34034
72691974,35629
72691976,41061
72691978,28106
72691980,37811
72691981,32286
72691984,38264
72691989,32590
72691991,32590
72691993,23642
72691994,35629
72691996,32373
72691997,32373
72692001,33845
72692006,20051
72692007,36904
72692009,29623
72692011,29623
72692013,32373
72692014,32373
72692019,27780
72692021,22041
72692026,22041
72692028,41061
72692031,23558
72692037,30929
72692041,38563
72692045,36584
72692049,29771
72692059,21651
72692060,36904
72692061,36904
72692063,24534
72692064,26788
72692065,29775
72692066,20051
72692074,28106
72692075,34034
72692076,18618
72692092,36223
72692097,19390
72692098,35629
72692101,41192
72692102,38787
72692103,36927
72692104,28062
72692106,32590
72692111,31569
72692117,40978
72692118,28469
72692121,28737
72692124,10225
72692127,29579
72692131,29579
72692132,32373
72692135,32286
72692140,28106
72692142,35629
72692143,10309
72692160,14656
72692161,26638
72692162,31420
72692165,29447
72692167,31020
72692172,26115
72692175,27715
72692176,29771
72692177,29771
72692178,29771
72692179,29771
72692180,27715
72692182,29771
72692183,29771
72692186,35629
72692200,29706
72692216,26525
72692219,23558
72692226,44970
72692228,35629
72692234,35629
72692263,30382
72692269,30382
72692308,51969
72692322,51969
72692466,35629
72692481,41693
72692544,27378
72692546,41061
72692550,41693
72692551,41693
72692576,41845
72692694,29623
72692697,29623
72692699,41061
72692700,26308
72692719,31016
72692728,26308
72692729,26308
72692734,26308
72692749,25158
72692750,19499
72692829,26308
72692955,30382
72692995,30382
72693098,30382
72693105,30382
72693108,41061
72693121,41061
72693163,45347
72693184,32723
72693265,31005
72693308,31005
72693379,32373
72693382,42022
72693415,34034
72693440,41061
72693641,43121
72693647,43121
72693692,25946
72693708,37963
72693742,23910
72693756,35010
72693781,36747
72693783,36747
72693799,43121
72693814,29579
72693862,41845
72693877,29616
72693889,29579
72693898,29616
72693922,29828
72693924,29616
72693948,29828
72693963,29828
72693971,29579
72693996,29828
72693998,29579
72694002,29579
72694003,29616
72694004,29616
72694052,43121
72694053,43121
72694059,25425
72694075,27869
72694076,47277
72694083,27869
72694088,41845
72694089,47277
72694090,37001
72694093,47277
72694094,36492
72694095,41292
72694097,28101
72694098,25803
72694099,28816
72694101,36019
72694104,47120
72694105,24848
72694106,47120
72694108,27869
72694109,28226
72694110,41134
72694117,42963
72694120,17884
72694123,47120
72694125,27869
72694126,37001
72694131,35010
72694132,25388
72694137,25388
72694140,27869
72694144,22936
72694145,35010
72694152,22579
72694154,44293
72694165,29763
72694166,36002
72694168,29579
72694169,23202
72694173,29025
72694174,25696
72694181,25696
72694182,35010
72694183,29860
72694185,35010
72694187,27869
72694189,27869
72694190,27869
72694194,27869
72694197,35010
72694198,28112
72694201,32638
72694203,32071
72694206,35096
72694211,17591
72694212,26164
72694213,28258
72694215,32742
72694225,29485
72694229,29898
72694237,47120
72694238,27869
72694240,47277
72694245,27869
72694246,32844
72694247,29025
72694248,47277
72694250,32480
72694252,35010
72694253,29860
72694259,41748
72694263,33760
72694266,33760
72694268,35010
72694270,41134
72694272,35010
72694276,35341
72694277,23910
72694281,15991
72694284,41292
72694285,31569
72694287,41082
72694288,28258
72694292,27869
72694295,25900
72694296,35010
72694297,27869
72694300,28101
72694301,30854
72694304,29653
72694307,35010
72694309,27869
72694314,36019
72694315,26053
72694316,15991
72694324,27869
72694328,28226
72694330,35010
72694334,29981
72694336,47277
72694338,47277
72694341,32480
72694343,29860
72694347,29648
72694349,28226
72694356,20475
72694360,47277
72694362,35010
72694364,27869
72694365,47277
72694370,33760
72694372,33826
72694374,41845
72694375,33760
72694397,24677
72694411,29763
72694414,36627
72694438,26745
72694441,32413
72694448,37654
72694449,23910
72694455,27869
72694463,37806
72694465,32071
72694478,25696
72694488,29025
72694492,28226
72694494,23202
72694498,35010
72694504,29860
72694507,20475
72694511,30854
72694517,26618
72694524,30854
72694527,27869
72694529,25745
72694544,24968
72694547,32844
72694548,20832
72694553,29763
72694560,27869
72694562,30265
72694564,30854
72694576,29936
72694588,29761
72694593,25696
72694599,33760
72694612,30704
72694613,23143
72694618,23721
72694634,35368
72694643,33760
72694649,29025
72694665,36820
72694669,26257
72694681,27869
72694686,17591
72694689,33760
72694693,22579
72694695,47120
72694702,31461
72694708,23721
72694721,36677
72694736,32742
72694745,27869
72694746,25696
72694747,23166
72694759,39247
72694761,47277
72694769,47120
72694771,37497
72694772,17949
72694795,27869
72694799,17591
72694803,35010
72694805,27869
72694832,35142
72694833,24410
72694834,27869
72694843,25388
72694844,41845
72694849,29653
72694856,41292
72694885,45233
72694922,47277
72694962,25696
72695022,25696
72695023,26257
72695033,25900
72695034,35010
72695044,36019
72695046,38853
72695049,47277
72695059,27869
72695064,18778
72695068,27869
72695070,32584
72695075,23910
72695080,28484
72695084,32584
72695095,37654
72695103,47120
72695107,23910
72695116,20475
72695120,28226
72695121,35010
72695129,23166
72695131,29579
72695172,28101
72695176,35368
72695188,27869
72695197,25339
72695215,41292
72695257,27869
72695266,37654
72695270,35010
72695284,47120
72695286,28258
72695289,47277
72695293,38091
72695320,15991
72695338,24267
72695347,23910
72695353,27869
72695357,41292
72695362,28492
72695365,27034
72695367,36699
72695371,35341
72695372,27869
72695381,36019
72695385,35010
72695393,23910
72695395,29981
72695397,29485
72695400,35010
72695408,27869
72695419,24410
72695421,27869
72695430,27869
72695450,30704
72695455,28226
72695458,37654
72695475,38091
72695535,40047
72695544,37626
72695545,45347
72695549,40047
72695550,46301
72695553,31928
72695555,51337
72695556,38940
72695558,51337
72695563,34267
72695564,31928
72695568,37819
72695569,45036
72695570,51337
72695573,47180
72695608,51179
72695611,40962
72695612,39070
72695613,35075
72695637,51179
72695645,32590
72695648,39107
72695664,24570
72695665,24570
72695673,26525
72695677,41061
72695680,33919
72695681,25939
72695688,57401
72695695,41061
72695712,37819
72695729,57401
72695739,51179
72695746,32590
72695760,34913
72695762,26850
72695764,41061
72695766,29960
72695767,33919
72695769,41061
72695773,29771
72695788,41061
72695792,33919
72695830,39070
72695831,39070
72695847,41061
72695854,39070
72695856,29771
72695863,36904
72695864,51179
72695865,28062
72695866,29960
72695868,45905
72695871,29771
72695892,33919
72695895,29468
72695896,34972
72695897,33918
72695898,39282
72695899,47180
72695902,40962
72695911,27969
72695912,29447
72695916,44195
72695917,30283
72695920,39984
72695928,29771
72695929,29771
72695933,34913
72695937,31420
72695945,33834
72695947,40978
72695949,39070
72695950,28062
72695951,23558
72695953,20317
72695956,27780
72695971,21651
72695973,23558
72695978,30898
72695985,35629
72695989,27780
72695993,29771
72695996,31928
72695999,33209
72696007,21567
72696008,26071
72696009,43905
72696015,27969
72696016,27780
72696017,29804
72696022,20051
72696023,20051
72696025,19121
72696027,22041
72696038,21476
72696043,22041
72696047,21651
72696051,36025
72696068,45905
72696069,35629
72696083,29893
72696162,22162
72696163,22162
72696166,22162
72696179,22162
72696184,22162
72696186,34428
72696190,22162
72696192,22162
72696194,22162
72696209,22162
72696211,22162
72696223,22162
72696249,22162
72696251,22162
72696257,22162
72696263,22162
72696266,34428
72696277,22162
72696278,22162
72696284,22162
72696289,34428
72696295,22162
72696296,22162
72696311,24152
72696316,22162
72696323,22162
72696341,27479
72696344,22162
72696345,22162
72696346,22162
72696373,22162
72696391,22162
72696399,22162
72696404,22162
72696407,34428
72696417,22162
72696426,22162
72696448,32384
72696458,34428
72696465,22162
72696470,22162
72696480,22162
72696493,22162
72696499,22162
72696501,34428
72696505,34428
72696506,22162
72696519,34428
72696526,22162
72696541,34428
72696553,22162
72696558,22162
72696559,34428
72696560,22162
72696582,22162
72696587,22162
72696591,22162
72696601,22162
72696622,22162
72696625,22162
72696629,22162
72696872,33919
72696880,42151
72696883,31928
72696885,42151
72696887,44195
72696891,38323
72696892,44038
72696896,32853
72696908,33821
72696914,32286
72696915,50260
72696926,44038
72696931,31966
72696935,33919
72696936,37821
72696939,42151
72696945,39885
72696947,37993
72696951,34902
72696953,33919
72696954,44195
72696955,31928
72696956,39594
72696957,31928
72696958,42151
72696959,44195
72696961,33919
72696962,44195
72696971,44195
72696977,33919
72696981,32876
72696982,31928
72696985,33410
72696987,34763
72696995,31928
72696997,31928
72696998,31928
72697010,31928
72697017,32286
72697019,31928
72697020,33919
72697025,32876
72697027,31753
72697030,31928
72697033,38666
72697041,31928
72697051,37894
72697057,39594
72697060,32876
72697065,31928
72697066,32876
72697067,31928
72697068,34902
72697071,44195
72697074,32286
72697076,31928
72697078,31928
72697081,31928
72697085,30678
72697086,31928
72697093,31928
72697103,31928
72697105,39510
72697109,32140
72697110,31753
72697115,31928
72697119,31928
72697125,38000
72697128,31928
72697129,31928
72697130,34763
72697131,44038
72697132,37894
72697134,33821
72697140,31928
72697146,39594
72697147,33919
72697148,37894
72697149,32286
72697158,38000
72697161,44195
72697168,32286
72697169,33617
72697170,35426
72697171,35473
72697173,32286
72697180,31928
72697181,31928
72697182,33919
72697189,42151
72697191,31928
72697195,32876
72697203,33919
72697204,31928
72697206,33919
72697209,31928
72697212,30678
72697215,31928
72697216,39984
72697220,30224
72697230,32178
72697232,31928
72697233,33919
72697235,33919
72697238,38000
72697239,31928
72697240,30851
72697241,31928
72697243,37894
72697244,31928
72697248,30678
72697249,31552
72697250,31928
72697251,31928
72697252,31552
72697257,37894
72697260,31928
72697263,31928
72697269,37894
72697276,31928
72697281,31928
72697282,31928
72697286,33919
72697287,31928
72697289,31928
72697292,37993
72697293,37993
72697295,34763
72697297,45659
72697300,37993
72697304,31928
72697307,33919
72697320,31928
72697334,31928
72697335,31928
72697363,33545
72697506,39984
72698847,33919
72698897,27403
72698996,35873
72699000,38090
72699052,39887
72699102,45997
72699161,39557
72701423,26751
72701424,33888
72701529,32637
72701530,32637
72701531,32637
72701721,28907
72701722,38564
72701904,33919
72701908,33919
72701909,31928
72701919,31928
72701954,37993
72701972,33464
72701976,50260
72701978,31928
72702121,34034
72702122,34034
72702123,34041
72702124,27969
72702126,27969
72702145,33834
72702146,33834
72702148,33834
72702149,33834
72702150,33834
72702153,33834
72702158,33834
72702183,23915
72702186,21567
72702193,33677
72702194,33677
72702196,33677
72702211,21567
72702235,21567
72702254,21567
72702272,20317
72702273,20317
72702276,21779
72702277,21779
72702286,23049
72702288,23049
72702295,27533
72702297,27533
72702311,21567
72702315,21567
72702322,25410
72702324,25410
72702327,21567
72702331,27632
72702334,21567
72702340,27632
72702348,35125
72702349,34913
72702351,47180
72702352,47023
72702353,47023
72702355,40978
72702359,47180
72702360,36904
72702363,37748
72702367,47180
72702368,47716
72702373,47180
72702374,53245
72702375,34913
72702379,33638
72702382,39703
72702384,33638
72702387,33638
72702552,24584
72702553,35385
72702554,43759
72702555,47223
72702556,35385
72702557,45759
72702558,35483
72702560,35483
72702561,39557
72702562,35483
72702569,39557
72702572,51824
72702577,35483
72702578,39557
72702580,33492
72702586,51824
72702587,41548
72702593,41548
72702594,41548
72702596,35483
72702599,45759
72702604,33618
72702721,27632
72702785,45905
72702786,45905
72702787,35629
72702792,45905
72702793,35629
72702798,41219
72702804,45905
72702812,35629
72702814,45905
72702822,45905
72702823,35629
72702824,33638
72702825,33638
72702831,33675
72702839,35629
72702840,33638
72702843,45905
72702851,35629
72702868,35119
72702870,35629
72702880,33638
72702883,35629
72702890,33638
72702898,35629
72702924,33850
72702927,35629
72702933,35629
72702935,33638
72702939,35629
72702943,33638
72702947,45905
72702954,33638
72702956,33638
72702961,45905
72702962,35629
72702963,41693
72702968,33638
72702969,33995
72702975,43545
72703178,32354
72703179,41028
72703185,41028
72703190,36427
72703191,41028
72703192,28761
72703193,34727
72703199,34826
72703235,41028
72703346,41192
72703348,41192
72703349,39201
72703353,39201
72703357,51468
72703360,39239
72703361,51468
72703367,27969
72703369,40236
72703370,34034
72703372,34034
72703373,27969
72703374,29960
72703379,36025
72703380,34034
72703385,46301
72703387,40236
72703405,33492
72703407,28505
72703410,46801
72703415,28469
72703423,21421
72703429,31569
72703432,35483
72703435,21421
72703444,24256
72703454,21421
72703459,21421
72703748,38264
72705197,24317
72705199,31999
72705200,27816
72705201,31999
72705202,31999
72705203,30382
72705204,30382
72705205,30382
72705207,30382
72705208,30382
72705209,30382
72705211,30382
72705212,30382
72705213,30382
72705216,31999
72705235,24317
